date,inflation_yoy
2010-01-01,3.385816
2010-02-01,2.980211
2010-03-01,2.474707
2010-04-01,2.601901
2010-05-01,2.754024
2010-06-01,2.679384
2010-07-01,2.526405
2010-08-01,2.6728400000000003
2010-09-01,3.50466
2010-10-01,3.821542
2010-11-01,3.129598
2010-12-01,3.174787
2011-01-01,3.4512339999999995
2011-02-01,3.958827
2011-03-01,4.145338
2011-04-01,3.795185
2011-05-01,3.853332
2011-06-01,4.180775
2011-07-01,4.456956
2011-08-01,4.670558
2011-09-01,3.750066
2011-10-01,3.5361519999999995
2011-11-01,4.117028
2011-12-01,4.083042
2012-01-01,3.366725
2012-02-01,2.987778
2012-03-01,2.614572
2012-04-01,2.567623
2012-05-01,2.556161
2012-06-01,2.233889
2012-07-01,1.464244
2012-08-01,1.287505
2012-09-01,2.13889
2012-10-01,2.0903650000000003
2012-11-01,1.627182
2012-12-01,1.466802
2013-01-01,1.664682
2013-02-01,1.6296540000000002
2013-03-01,1.4867290000000002
2013-04-01,1.351875
2013-05-01,1.154725
2013-06-01,1.181764
2013-07-01,1.627559
2013-08-01,1.546398
2013-09-01,0.9784964
2013-10-01,0.8632671000000001
2013-11-01,1.20824
2013-12-01,1.141266
2014-01-01,1.089885
2014-02-01,1.0158459999999998
2014-03-01,1.28275
2014-04-01,1.486844
2014-05-01,1.6760990000000002
2014-06-01,1.662622
2014-07-01,1.598938
2014-08-01,1.3875620000000002
2014-09-01,1.137329
2014-10-01,1.130637
2014-11-01,0.9636351
2014-12-01,0.8299162
2015-01-01,0.9078826
2015-02-01,0.611905
2015-03-01,0.4037105
2015-04-01,0.3645789
2015-05-01,0.482801
2015-06-01,0.6412573
2015-07-01,0.6264595000000001
2015-08-01,0.6041597
2015-09-01,0.4377241
2015-10-01,0.7672773
2015-11-01,0.7804051
2015-12-01,1.123528
2016-01-01,0.6183413000000001
2016-02-01,1.112354
2016-03-01,0.8521885
2016-04-01,1.003305
2016-05-01,0.7747074
2016-06-01,0.7350631999999999
2016-07-01,0.3738794
2016-08-01,0.4834792999999999
2016-09-01,1.348011
2016-10-01,1.485954
2016-11-01,1.531179
2016-12-01,1.331868
2017-01-01,2.240121
2017-02-01,2.079387
2017-03-01,2.272737
2017-04-01,1.946357
2017-05-01,2.004035
2017-06-01,1.811363
2017-07-01,2.159785
2017-08-01,2.481447
2017-09-01,2.006239
2017-10-01,1.75015
2017-11-01,1.163955
2017-12-01,1.406621
2018-01-01,0.7486406999999999
2018-02-01,1.261891
2018-03-01,1.217738
2018-04-01,1.549876
2018-05-01,1.482612
2018-06-01,1.478003
2018-07-01,1.134655
2018-08-01,1.458632
2018-09-01,2.116747
2018-10-01,2.020059
2018-11-01,2.054713
2018-12-01,1.355399
2019-01-01,0.8283963
2019-02-01,0.4806654999999999
2019-03-01,0.3883120999999999
2019-04-01,0.5668536999999999
2019-05-01,0.692315
2019-06-01,0.7403113
2019-07-01,0.6167263000000001
2019-08-01,-0.03947484
2019-09-01,-0.4380231
2019-10-01,0.0071952669999999
2019-11-01,0.1524286
2019-12-01,0.7286893
2020-01-01,1.240164
2020-02-01,0.8691055
2020-03-01,0.8456299999999999
2020-04-01,0.03281496
2020-05-01,-0.2000138
2020-06-01,0.2427051
2020-07-01,0.5084049
2020-08-01,0.8098004
2020-09-01,0.9672064
2020-10-01,0.1404381
2020-11-01,0.6388948
2020-12-01,0.6420918999999999
2021-01-01,0.9490199
2021-02-01,1.427372
2021-03-01,1.905989
2021-04-01,2.486907
2021-05-01,2.62633
2021-06-01,2.34714
2021-07-01,2.632102
2021-08-01,2.552581
2021-09-01,2.40714
2021-10-01,3.168251
2021-11-01,3.773353
2021-12-01,3.706317
2022-01-01,3.732641000000001
2022-02-01,3.753466
2022-03-01,4.1589160000000005
2022-04-01,4.756802
2022-05-01,5.34797
2022-06-01,6.039522
2022-07-01,6.351416
2022-08-01,5.73951
2022-09-01,5.521451
2022-10-01,5.630303
2022-11-01,4.982816000000001
2022-12-01,4.981477
2023-01-01,5.022385
2023-02-01,4.670119000000001
2023-03-01,4.131563
2023-04-01,3.641272
2023-05-01,3.306913
2023-06-01,2.624745
2023-07-01,2.250572
2023-08-01,3.342067
2023-09-01,3.703103
2023-10-01,3.805103
2023-11-01,3.322156
2023-12-01,3.1878330000000004
2024-01-01,2.835353
2024-02-01,3.167852
2024-03-01,3.149872
2024-04-01,2.964791
2024-05-01,2.726584
2024-06-01,2.4518
2024-07-01,2.606506
2024-08-01,2.020229
2024-09-01,1.58079
2024-10-01,1.208346
2024-11-01,1.510453
2024-12-01,1.942129
2025-01-01,2.26645
2025-02-01,2.044451
2025-03-01,2.062519
2025-04-01,2.089611
