date,inflation_yoy,unemployment,policy_rate,real_gdp,gdp_growth_yoy
2000-01-01,,5.0,4.76,243573100.0,
2000-02-01,,4.8,5.01,243573100.0,
2000-03-01,,4.5,5.09,243573100.0,
2000-04-01,,4.5,5.09,247325900.0,
2000-05-01,,4.4,5.11,247325900.0,
2000-06-01,,4.2,5.11,247325900.0,
2000-07-01,,4.1,5.12,254117200.0,
2000-08-01,,4.2,5.13,254117200.0,
2000-09-01,,4.5,5.11,254117200.0,
2000-10-01,,4.1,5.32,253273000.0,
2000-11-01,,4.2,5.33,253273000.0,
2000-12-01,,4.3,5.34,253273000.0,
2001-01-01,,4.4,5.29,255820800.0,5.028346726301058
2001-02-01,,4.7,5.12,255820800.0,5.028346726301058
2001-03-01,,4.6,5.02,255820800.0,5.028346726301058
2001-04-01,,4.1,5.01,259678300.0,4.994381906626044
2001-05-01,,3.9,5.01,259678300.0,4.994381906626044
2001-06-01,,3.8,5.01,259678300.0,4.994381906626044
2001-07-01,,3.8,4.8,262985600.0,3.4898857692434726
2001-08-01,,3.7,4.59,262985600.0,3.4898857692434726
2001-09-01,,3.7,4.31,262985600.0,3.4898857692434726
2001-10-01,,3.6,4.01,266982900.0,5.413091802126568
2001-11-01,,3.7,4.02,266982900.0,5.413091802126568
2001-12-01,,3.6,4.0,266982900.0,5.413091802126568
2002-01-01,,3.6,3.98,274419900.0,7.270362691383969
2002-02-01,,3.5,4.01,274419900.0,7.270362691383969
2002-03-01,,3.4,4.01,274419900.0,7.270362691383969
2002-04-01,,3.4,4.01,279643700.0,7.688513056347035
2002-05-01,,3.3,4.25,279643700.0,7.688513056347035
2002-06-01,,3.1,4.29,279643700.0,7.688513056347035
2002-07-01,,3.1,4.28,284837500.0,8.309162174659
2002-08-01,,3.3,4.29,284837500.0,8.309162174659
2002-09-01,,3.0,4.3,284837500.0,8.309162174659
2002-10-01,,3.1,4.3,287527500.0,7.6950995737929295
2002-11-01,,3.1,4.29,287527500.0,7.6950995737929295
2002-12-01,,3.1,4.3,287527500.0,7.6950995737929295
2003-01-01,,3.3,4.28,285982500.0,4.213469941502046
2003-02-01,,3.3,4.3,285982500.0,4.213469941502046
2003-03-01,,3.4,4.24,285982500.0,4.213469941502046
2003-04-01,,3.4,4.24,286171600.0,2.3343633344860004
2003-05-01,,3.6,4.07,286171600.0,2.3343633344860004
2003-06-01,,3.6,4.01,286171600.0,2.3343633344860004
2003-07-01,,3.6,3.83,290747700.0,2.074937464343707
2003-08-01,,3.6,3.74,290747700.0,2.074937464343707
2003-09-01,,3.7,3.74,290747700.0,2.074937464343707
2003-10-01,,3.7,3.75,298161400.0,3.698394066654487
2003-11-01,,3.9,3.78,298161400.0,3.698394066654487
2003-12-01,,3.7,3.78,298161400.0,3.698394066654487
2004-01-01,,3.6,3.78,302404300.0,5.74223947269501
2004-02-01,,3.6,3.76,302404300.0,5.74223947269501
2004-03-01,,3.6,3.76,302404300.0,5.74223947269501
2004-04-01,,3.6,3.75,304926100.0,6.55358533131869
2004-05-01,,3.7,3.76,304926100.0,6.55358533131869
2004-06-01,,3.5,3.76,304926100.0,6.55358533131869
2004-07-01,,3.7,3.77,305706200.0,5.144838635008986
2004-08-01,,3.7,3.61,305706200.0,5.144838635008986
2004-09-01,,3.6,3.52,305706200.0,5.144838635008986
2004-10-01,,3.7,3.52,308211900.0,3.3708253315150705
2004-11-01,,3.7,3.35,308211900.0,3.3708253315150705
2004-12-01,,3.8,3.27,308211900.0,3.3708253315150705
2005-01-01,,3.9,3.26,311097100.0,2.8745622995440145
2005-02-01,,3.7,3.26,311097100.0,2.8745622995440145
2005-03-01,,3.7,3.25,311097100.0,2.8745622995440145
2005-04-01,,3.7,3.26,316930100.0,3.9366915459188245
2005-05-01,,3.7,3.29,316930100.0,3.9366915459188245
2005-06-01,,3.8,3.27,316930100.0,3.9366915459188245
2005-07-01,,3.7,3.25,321379300.0,5.126850551280926
2005-08-01,,3.6,3.25,321379300.0,5.126850551280926
2005-09-01,,3.9,3.25,321379300.0,5.126850551280926
2005-10-01,,3.9,3.44,325066900.0,5.468640243936074
2005-11-01,,3.6,3.49,325066900.0,5.468640243936074
2005-12-01,,3.5,3.7,325066900.0,5.468640243936074
2006-01-01,,3.4,3.74,330234400.0,6.151552039540076
2006-02-01,,3.6,3.92,330234400.0,6.151552039540076
2006-03-01,,3.6,3.97,330234400.0,6.151552039540076
2006-04-01,,3.5,3.97,332617800.0,4.94989273660027
2006-05-01,,3.4,3.96,332617800.0,4.94989273660027
2006-06-01,,3.5,4.17,332617800.0,4.94989273660027
2006-07-01,,3.5,4.21,337830800.0,5.1190291347327
2006-08-01,,3.5,4.42,337830800.0,5.1190291347327
2006-09-01,,3.5,4.47,337830800.0,5.1190291347327
2006-10-01,,3.6,4.48,340636500.0,4.7896602207115
2006-11-01,,3.5,4.47,340636500.0,4.7896602207115
2006-12-01,,3.4,4.49,340636500.0,4.7896602207115
2007-01-01,,3.4,4.63,346675000.0,4.978463782089326
2007-02-01,,3.2,4.6,346675000.0,4.978463782089326
2007-03-01,,3.2,4.6,346675000.0,4.978463782089326
2007-04-01,,3.3,4.69,352543600.0,5.990599420716514
2007-05-01,,3.3,4.61,352543600.0,5.990599420716514
2007-06-01,,3.2,4.54,352543600.0,5.990599420716514
2007-07-01,,3.3,4.67,356718200.0,5.590786867272013
2007-08-01,,3.2,4.92,356718200.0,5.590786867272013
2007-09-01,,3.2,4.98,356718200.0,5.590786867272013
2007-10-01,,3.2,5.0,363742300.0,6.783125120179423
2007-11-01,,3.3,5.0,363742300.0,6.783125120179423
2007-12-01,,3.1,4.99,363742300.0,6.783125120179423
2008-01-01,,3.0,4.99,366484800.0,5.714228023364831
2008-02-01,,3.0,4.97,366484800.0,5.714228023364831
2008-03-01,,3.0,4.97,366484800.0,5.714228023364831
2008-04-01,,3.1,4.99,367818800.0,4.332854149103826
2008-05-01,,3.2,4.97,367818800.0,4.332854149103826
2008-06-01,,3.1,4.95,367818800.0,4.332854149103826
2008-07-01,,3.1,4.98,370260100.0,3.796245888210925
2008-08-01,,3.3,5.21,370260100.0,3.796245888210925
2008-09-01,,3.2,5.21,370260100.0,3.796245888210925
2008-10-01,,3.3,4.88,357768200.0,-1.6423990281031364
2008-11-01,,3.4,4.0,357768200.0,-1.6423990281031364
2008-12-01,,3.4,3.27,357768200.0,-1.6423990281031364
2009-01-01,,3.3,2.43,358711700.0,-2.120988373869803
2009-02-01,,3.3,2.06,358711700.0,-2.120988373869803
2009-03-01,,3.5,1.77,358711700.0,-2.120988373869803
2009-04-01,,3.7,1.8,363561000.0,-1.1575808523109798
2009-05-01,,3.9,1.91,363561000.0,-1.1575808523109798
2009-06-01,,3.9,1.93,363561000.0,-1.1575808523109798
2009-07-01,,3.8,1.93,374652000.0,1.1861661572500015
2009-08-01,,3.9,1.98,374652000.0,1.1861661572500015
2009-09-01,,3.6,1.99,374652000.0,1.1861661572500015
2009-10-01,,3.6,1.99,377396300.0,5.486261775082313
2009-11-01,,3.7,2.0,377396300.0,5.486261775082313
2009-12-01,,3.6,2.0,377396300.0,5.486261775082313
2010-01-01,3.385816,4.7,2.0,386238500.0,7.6737948608868845
2010-02-01,2.980211,4.0,2.0,386238500.0,7.6737948608868845
2010-03-01,2.474707,3.6,2.01,386238500.0,7.6737948608868845
2010-04-01,2.601901,3.6,2.0,392479000.0,7.954098486911421
2010-05-01,2.754024,3.3,2.01,392479000.0,7.954098486911421
2010-06-01,2.679384,3.5,2.0,392479000.0,7.954098486911421
2010-07-01,2.526405,3.8,2.21,396469600.0,5.823430810458774
2010-08-01,2.6728400000000003,3.5,2.27,396469600.0,5.823430810458774
2010-09-01,3.50466,3.7,2.27,396469600.0,5.823430810458774
2010-10-01,3.821542,3.7,2.26,402066000.0,6.536815543766594
2010-11-01,3.129598,3.3,2.37,402066000.0,6.536815543766594
2010-12-01,3.174787,3.7,2.5,402066000.0,6.536815543766594
2011-01-01,3.4512339999999995,3.6,2.66,405904800.0,5.0917503045398105
2011-02-01,3.958827,3.6,2.75,405904800.0,5.0917503045398105
2011-03-01,4.145338,3.7,2.92,405904800.0,5.0917503045398105
2011-04-01,3.795185,3.5,3.01,407666700.0,3.869684747464186
2011-05-01,3.853332,3.3,3.02,407666700.0,3.869684747464186
2011-06-01,4.180775,3.3,3.2,407666700.0,3.869684747464186
2011-07-01,4.456956,3.4,3.26,409552300.0,3.2997990262052967
2011-08-01,4.670558,3.2,3.25,409552300.0,3.2997990262052967
2011-09-01,3.750066,3.3,3.25,409552300.0,3.2997990262052967
2011-10-01,3.5361519999999995,3.3,3.24,412298900.0,2.5450796635378303
2011-11-01,4.117028,3.3,3.26,412298900.0,2.5450796635378303
2011-12-01,4.083042,3.2,3.26,412298900.0,2.5450796635378303
2012-01-01,3.366725,3.3,3.26,416240700.0,2.5463852607803705
2012-02-01,2.987778,3.3,3.25,416240700.0,2.5463852607803705
2012-03-01,2.614572,3.3,3.25,416240700.0,2.5463852607803705
2012-04-01,2.567623,3.3,3.25,417998000.0,2.534251632522344
2012-05-01,2.556161,3.2,3.26,417998000.0,2.534251632522344
2012-06-01,2.233889,3.2,3.26,417998000.0,2.534251632522344
2012-07-01,1.464244,3.2,3.08,419861600.0,2.5172120874427995
2012-08-01,1.287505,3.2,3.0,419861600.0,2.5172120874427995
2012-09-01,2.13889,3.2,2.99,419861600.0,2.5172120874427995
2012-10-01,2.0903650000000003,3.1,2.8,422987500.0,2.592439611165598
2012-11-01,1.627182,3.2,2.75,422987500.0,2.592439611165598
2012-12-01,1.466802,3.2,2.75,422987500.0,2.592439611165598
2013-01-01,1.664682,3.2,2.76,426342400.0,2.426889057220971
2013-02-01,1.6296540000000002,3.1,2.75,426342400.0,2.426889057220971
2013-03-01,1.4867290000000002,3.0,2.74,426342400.0,2.426889057220971
2013-04-01,1.351875,3.0,2.75,431160100.0,3.1488428174297534
2013-05-01,1.154725,3.1,2.55,431160100.0,3.1488428174297534
2013-06-01,1.181764,3.1,2.49,431160100.0,3.1488428174297534
2013-07-01,1.627559,3.2,2.48,435484700.0,3.7210118762944777
2013-08-01,1.546398,3.2,2.5,435484700.0,3.7210118762944777
2013-09-01,0.9784964,3.0,2.5,435484700.0,3.7210118762944777
2013-10-01,0.8632671000000001,3.1,2.5,439300300.0,3.8565678654806534
2013-11-01,1.20824,3.1,2.5,439300300.0,3.8565678654806534
2013-12-01,1.141266,3.3,2.5,439300300.0,3.8565678654806534
2014-01-01,1.089885,3.3,2.5,442669900.0,3.8296683604539528
2014-02-01,1.0158459999999998,3.5,2.49,442669900.0,3.8296683604539528
2014-03-01,1.28275,3.4,2.48,442669900.0,3.8296683604539528
2014-04-01,1.486844,3.6,2.49,446872400.0,3.6441915659635393
2014-05-01,1.6760990000000002,3.5,2.49,446872400.0,3.6441915659635393
2014-06-01,1.662622,3.5,2.48,446872400.0,3.6441915659635393
2014-07-01,1.598938,3.5,2.49,448023500.0,2.8792745187144364
2014-08-01,1.3875620000000002,3.5,2.34,448023500.0,2.8792745187144364
2014-09-01,1.137329,3.5,2.23,448023500.0,2.8792745187144364
2014-10-01,1.130637,3.6,2.06,450409200.0,2.528771321121348
2014-11-01,0.9636351,3.6,1.98,450409200.0,2.528771321121348
2014-12-01,0.8299162,3.7,1.99,450409200.0,2.528771321121348
2015-01-01,0.9078826,3.6,1.99,454302800.0,2.627894961911803
2015-02-01,0.611905,3.5,1.99,454302800.0,2.627894961911803
2015-03-01,0.4037105,3.5,1.82,454302800.0,2.627894961911803
2015-04-01,0.3645789,3.6,1.73,456256600.0,2.0999730571859
2015-05-01,0.482801,3.6,1.74,456256600.0,2.0999730571859
2015-06-01,0.6412573,3.8,1.57,456256600.0,2.0999730571859
2015-07-01,0.6264595000000001,3.8,1.48,463025500.0,3.3484850683055623
2015-08-01,0.6041597,3.6,1.49,463025500.0,3.3484850683055623
2015-09-01,0.4377241,3.5,1.48,463025500.0,3.3484850683055623
2015-10-01,0.7672773,3.5,1.48,466604000.0,3.5955748683641486
2015-11-01,0.7804051,3.6,1.49,466604000.0,3.5955748683641486
2015-12-01,1.123528,3.5,1.48,466604000.0,3.5955748683641486
2016-01-01,0.6183413000000001,3.6,1.49,468400300.0,3.103106562407265
2016-02-01,1.112354,3.8,1.49,468400300.0,3.103106562407265
2016-03-01,0.8521885,3.7,1.49,468400300.0,3.103106562407265
2016-04-01,1.003305,3.6,1.49,474271500.0,3.948414116091681
2016-05-01,0.7747074,3.5,1.49,474271500.0,3.948414116091681
2016-06-01,0.7350631999999999,3.6,1.28,474271500.0,3.948414116091681
2016-07-01,0.3738794,3.6,1.23,476105600.0,2.8249200098050764
2016-08-01,0.4834792999999999,3.9,1.23,476105600.0,2.8249200098050764
2016-09-01,1.348011,3.9,1.24,476105600.0,2.8249200098050764
2016-10-01,1.485954,3.8,1.23,479773700.0,2.8224575871617086
2016-11-01,1.531179,3.7,1.23,479773700.0,2.8224575871617086
2016-12-01,1.331868,3.5,1.22,479773700.0,2.8224575871617086
2017-01-01,2.240121,3.5,1.24,485209500.0,3.58863988771998
2017-02-01,2.079387,3.9,1.23,485209500.0,3.58863988771998
2017-03-01,2.272737,3.6,1.23,485209500.0,3.58863988771998
2017-04-01,1.946357,3.8,1.23,488730600.0,3.048696790762251
2017-05-01,2.004035,3.5,1.23,488730600.0,3.048696790762251
2017-06-01,1.811363,3.7,1.24,488730600.0,3.048696790762251
2017-07-01,2.159785,3.6,1.24,495435100.0,4.0599186398983855
2017-08-01,2.481447,4.0,1.23,495435100.0,4.0599186398983855
2017-09-01,2.006239,3.7,1.25,495435100.0,4.0599186398983855
2017-10-01,1.75015,3.7,1.24,494356900.0,3.0395997112805384
2017-11-01,1.163955,3.7,1.26,494356900.0,3.0395997112805384
2017-12-01,1.406621,3.6,1.51,494356900.0,3.0395997112805384
2018-01-01,0.7486406999999999,3.4,1.49,501490000.0,3.3553547488250013
2018-02-01,1.261891,3.7,1.49,501490000.0,3.3553547488250013
2018-03-01,1.217738,4.0,1.49,501490000.0,3.3553547488250013
2018-04-01,1.549876,3.8,1.47,505448900.0,3.4207598214640145
2018-05-01,1.482612,3.8,1.5,505448900.0,3.4207598214640145
2018-06-01,1.478003,3.6,1.49,505448900.0,3.4207598214640145
2018-07-01,1.134655,3.8,1.49,508214800.0,2.5794902299009603
2018-08-01,1.458632,4.6,1.5,508214800.0,2.5794902299009603
2018-09-01,2.116747,4.1,1.54,508214800.0,2.5794902299009603
2018-10-01,2.020059,4.0,1.52,510948600.0,3.3562189584083857
2018-11-01,2.054713,3.9,1.51,510948600.0,3.3562189584083857
2018-12-01,1.355399,3.7,1.77,510948600.0,3.3562189584083857
2019-01-01,0.8283963,3.9,1.75,511117500.0,1.919779058405946
2019-02-01,0.4806654999999999,3.8,1.76,511117500.0,1.919779058405946
2019-03-01,0.3883120999999999,3.8,1.76,511117500.0,1.919779058405946
2019-04-01,0.5668536999999999,4.0,1.75,518034200.0,2.489925292151196
2019-05-01,0.692315,3.8,1.75,518034200.0,2.489925292151196
2019-06-01,0.7403113,3.9,1.76,518034200.0,2.489925292151196
2019-07-01,0.6167263000000001,4.0,1.63,519435700.0,2.2079050039471415
2019-08-01,-0.03947484,3.6,1.51,519435700.0,2.2079050039471415
2019-09-01,-0.4380231,3.6,1.52,519435700.0,2.2079050039471415
2019-10-01,0.0071952669999999,3.5,1.35,524395000.0,2.6316541429020512
2019-11-01,0.1524286,3.7,1.28,524395000.0,2.6316541429020512
2019-12-01,0.7286893,3.5,1.28,524395000.0,2.6316541429020512
2020-01-01,1.240164,3.4,1.27,517226900.0,1.1953024500237275
2020-02-01,0.8691055,3.4,1.24,517226900.0,1.1953024500237275
2020-03-01,0.8456299999999999,3.9,0.98,517226900.0,1.1953024500237275
2020-04-01,0.03281496,3.9,0.74,503562300.0,-2.793618645255469
2020-05-01,-0.2000138,4.3,0.7,503562300.0,-2.793618645255469
2020-06-01,0.2427051,4.2,0.48,503562300.0,-2.793618645255469
2020-07-01,0.5084049,4.2,0.48,514942200.0,-0.8650733863690974
2020-08-01,0.8098004,3.9,0.5,514942200.0,-0.8650733863690974
2020-09-01,0.9672064,4.2,0.48,514942200.0,-0.8650733863690974
2020-10-01,0.1404381,4.3,0.51,522735100.0,-0.3165361988577309
2020-11-01,0.6388948,4.1,0.49,522735100.0,-0.3165361988577309
2020-12-01,0.6420918999999999,4.1,0.51,522735100.0,-0.3165361988577309
2021-01-01,0.9490199,4.6,0.49,531069700.0,2.6763495866127585
2021-02-01,1.427372,4.1,0.49,531069700.0,2.6763495866127585
2021-03-01,1.905989,4.0,0.49,531069700.0,2.6763495866127585
2021-04-01,2.486907,3.8,0.48,538270800.0,6.892593031686456
2021-05-01,2.62633,3.8,0.48,538270800.0,6.892593031686456
2021-06-01,2.34714,3.7,0.51,538270800.0,6.892593031686456
2021-07-01,2.632102,3.3,0.53,538184300.0,4.513535693908954
2021-08-01,2.552581,3.4,0.56,538184300.0,4.513535693908954
2021-09-01,2.40714,3.1,0.77,538184300.0,4.513535693908954
2021-10-01,3.168251,3.3,0.74,547618100.0,4.7601548088123335
2021-11-01,3.773353,3.1,0.796,547618100.0,4.7601548088123335
2021-12-01,3.706317,3.2,1.012,547618100.0,4.7601548088123335
2022-01-01,3.732641000000001,3.2,1.188,550176900.0,3.597870486679988
2022-02-01,3.753466,2.9,1.219,550176900.0,3.597870486679988
2022-03-01,4.1589160000000005,2.8,1.244,550176900.0,3.597870486679988
2022-04-01,4.756802,2.8,1.299,555670400.0,3.232499329333849
2022-05-01,5.34797,2.9,1.505,555670400.0,3.232499329333849
2022-06-01,6.039522,2.9,1.745,555670400.0,3.232499329333849
2022-07-01,6.351416,3.0,1.971,557103500.0,3.5153756807844383
2022-08-01,5.73951,2.8,2.263,557103500.0,3.5153756807844383
2022-09-01,5.521451,2.9,2.533,557103500.0,3.5153756807844383
2022-10-01,5.630303,2.9,2.959,554877300.0,1.3255953373345397
2022-11-01,4.982816000000001,2.8,3.096,554877300.0,1.3255953373345397
2022-12-01,4.981477,2.7,3.235,554877300.0,1.3255953373345397
2023-01-01,5.022385,2.7,3.269,556108300.0,1.078089610814259
2023-02-01,4.670119000000001,2.7,3.425,556108300.0,1.078089610814259
2023-03-01,4.131563,2.7,3.425,556108300.0,1.078089610814259
2023-04-01,3.641272,2.6,3.467,559921400.0,0.7650218546821907
2023-05-01,3.306913,2.5,3.57,559921400.0,0.7650218546821907
2023-06-01,2.624745,2.6,3.566,559921400.0,0.7650218546821907
2023-07-01,2.250572,2.9,3.51,565273300.0,1.4664779524810045
2023-08-01,3.342067,2.7,3.538,565273300.0,1.4664779524810045
2023-09-01,3.703103,2.8,3.596,565273300.0,1.4664779524810045
2023-10-01,3.805103,2.6,3.517,569404400.0,2.6180743021925856
2023-11-01,3.322156,2.8,3.572,569404400.0,2.6180743021925856
2023-12-01,3.1878330000000004,2.8,3.639,569404400.0,2.6180743021925856
2024-01-01,2.835353,2.8,3.47,575171300.0,3.4279294159069273
2024-02-01,3.167852,2.7,3.582,575171300.0,3.4279294159069273
2024-03-01,3.149872,2.8,3.467,575171300.0,3.4279294159069273
2024-04-01,2.964791,2.8,3.518,574301700.0,2.568271189491944
2024-05-01,2.726584,2.8,3.53,574301700.0,2.568271189491944
2024-06-01,2.4518,2.8,3.547,574301700.0,2.568271189491944
2024-07-01,2.606506,2.7,3.518,574618700.0,1.6532533908818925
2024-08-01,2.020229,2.6,3.531,574618700.0,1.6532533908818925
2024-09-01,1.58079,2.6,3.529,574618700.0,1.6532533908818925
2024-10-01,1.208346,2.8,3.321,575977000.0,1.1542938551230009
2024-11-01,1.510453,2.8,3.245,575977000.0,1.1542938551230009
2024-12-01,1.942129,3.1,3.055,575977000.0,1.1542938551230009
2025-01-01,2.26645,2.8,3.053,574984300.0,-0.032512053365663096
2025-02-01,2.044451,2.8,2.965,574984300.0,-0.032512053365663096
2025-03-01,2.062519,2.8,2.754,574984300.0,-0.032512053365663096
2025-04-01,2.089611,2.7,2.769,578719200.0,0.7691950067360009
2025-05-01,,2.7,2.738,578719200.0,0.7691950067360009
2025-06-01,,2.7,2.52,578719200.0,0.7691950067360009
2025-07-01,,2.7,2.5,586599900.0,2.0850696296518034
2025-08-01,,2.8,2.506,586599900.0,2.0850696296518034
2025-09-01,,2.7,2.526,586599900.0,2.0850696296518034
2025-10-01,,2.7,2.516,585964000.0,1.7339234031914508
2025-11-01,,2.8,2.512,585964000.0,1.7339234031914508
2025-12-01,,3.3,2.53,585964000.0,1.7339234031914508
2026-01-01,,3.0,2.531,596692800.0,3.7754943917599038
2026-02-01,,2.9,2.541,596692800.0,3.7754943917599038
2026-03-01,,2.7,2.527,596692800.0,3.7754943917599038
2026-04-01,,2.8,2.517,600405700.0,3.7473268555803907
2026-05-01,,2.8,2.537,,
2026-06-01,,2.7,2.537,,
2026-07-01,,2.8,2.62,,
2026-08-01,,,2.809,,
