date,policy_rate
2000-01-01,4.76
2000-02-01,5.01
2000-03-01,5.09
2000-04-01,5.09
2000-05-01,5.11
2000-06-01,5.11
2000-07-01,5.12
2000-08-01,5.13
2000-09-01,5.11
2000-10-01,5.32
2000-11-01,5.33
2000-12-01,5.34
2001-01-01,5.29
2001-02-01,5.12
2001-03-01,5.02
2001-04-01,5.01
2001-05-01,5.01
2001-06-01,5.01
2001-07-01,4.8
2001-08-01,4.59
2001-09-01,4.31
2001-10-01,4.01
2001-11-01,4.02
2001-12-01,4.0
2002-01-01,3.98
2002-02-01,4.01
2002-03-01,4.01
2002-04-01,4.01
2002-05-01,4.25
2002-06-01,4.29
2002-07-01,4.28
2002-08-01,4.29
2002-09-01,4.3
2002-10-01,4.3
2002-11-01,4.29
2002-12-01,4.3
2003-01-01,4.28
2003-02-01,4.3
2003-03-01,4.24
2003-04-01,4.24
2003-05-01,4.07
2003-06-01,4.01
2003-07-01,3.83
2003-08-01,3.74
2003-09-01,3.74
2003-10-01,3.75
2003-11-01,3.78
2003-12-01,3.78
2004-01-01,3.78
2004-02-01,3.76
2004-03-01,3.76
2004-04-01,3.75
2004-05-01,3.76
2004-06-01,3.76
2004-07-01,3.77
2004-08-01,3.61
2004-09-01,3.52
2004-10-01,3.52
2004-11-01,3.35
2004-12-01,3.27
2005-01-01,3.26
2005-02-01,3.26
2005-03-01,3.25
2005-04-01,3.26
2005-05-01,3.29
2005-06-01,3.27
2005-07-01,3.25
2005-08-01,3.25
2005-09-01,3.25
2005-10-01,3.44
2005-11-01,3.49
2005-12-01,3.7
2006-01-01,3.74
2006-02-01,3.92
2006-03-01,3.97
2006-04-01,3.97
2006-05-01,3.96
2006-06-01,4.17
2006-07-01,4.21
2006-08-01,4.42
2006-09-01,4.47
2006-10-01,4.48
2006-11-01,4.47
2006-12-01,4.49
2007-01-01,4.63
2007-02-01,4.6
2007-03-01,4.6
2007-04-01,4.69
2007-05-01,4.61
2007-06-01,4.54
2007-07-01,4.67
2007-08-01,4.92
2007-09-01,4.98
2007-10-01,5.0
2007-11-01,5.0
2007-12-01,4.99
2008-01-01,4.99
2008-02-01,4.97
2008-03-01,4.97
2008-04-01,4.99
2008-05-01,4.97
2008-06-01,4.95
2008-07-01,4.98
2008-08-01,5.21
2008-09-01,5.21
2008-10-01,4.88
2008-11-01,4.0
2008-12-01,3.27
2009-01-01,2.43
2009-02-01,2.06
2009-03-01,1.77
2009-04-01,1.8
2009-05-01,1.91
2009-06-01,1.93
2009-07-01,1.93
2009-08-01,1.98
2009-09-01,1.99
2009-10-01,1.99
2009-11-01,2.0
2009-12-01,2.0
2010-01-01,2.0
2010-02-01,2.0
2010-03-01,2.01
2010-04-01,2.0
2010-05-01,2.01
2010-06-01,2.0
2010-07-01,2.21
2010-08-01,2.27
2010-09-01,2.27
2010-10-01,2.26
2010-11-01,2.37
2010-12-01,2.5
2011-01-01,2.66
2011-02-01,2.75
2011-03-01,2.92
2011-04-01,3.01
2011-05-01,3.02
2011-06-01,3.2
2011-07-01,3.26
2011-08-01,3.25
2011-09-01,3.25
2011-10-01,3.24
2011-11-01,3.26
2011-12-01,3.26
2012-01-01,3.26
2012-02-01,3.25
2012-03-01,3.25
2012-04-01,3.25
2012-05-01,3.26
2012-06-01,3.26
2012-07-01,3.08
2012-08-01,3.0
2012-09-01,2.99
2012-10-01,2.8
2012-11-01,2.75
2012-12-01,2.75
2013-01-01,2.76
2013-02-01,2.75
2013-03-01,2.74
2013-04-01,2.75
2013-05-01,2.55
2013-06-01,2.49
2013-07-01,2.48
2013-08-01,2.5
2013-09-01,2.5
2013-10-01,2.5
2013-11-01,2.5
2013-12-01,2.5
2014-01-01,2.5
2014-02-01,2.49
2014-03-01,2.48
2014-04-01,2.49
2014-05-01,2.49
2014-06-01,2.48
2014-07-01,2.49
2014-08-01,2.34
2014-09-01,2.23
2014-10-01,2.06
2014-11-01,1.98
2014-12-01,1.99
2015-01-01,1.99
2015-02-01,1.99
2015-03-01,1.82
2015-04-01,1.73
2015-05-01,1.74
2015-06-01,1.57
2015-07-01,1.48
2015-08-01,1.49
2015-09-01,1.48
2015-10-01,1.48
2015-11-01,1.49
2015-12-01,1.48
2016-01-01,1.49
2016-02-01,1.49
2016-03-01,1.49
2016-04-01,1.49
2016-05-01,1.49
2016-06-01,1.28
2016-07-01,1.23
2016-08-01,1.23
2016-09-01,1.24
2016-10-01,1.23
2016-11-01,1.23
2016-12-01,1.22
2017-01-01,1.24
2017-02-01,1.23
2017-03-01,1.23
2017-04-01,1.23
2017-05-01,1.23
2017-06-01,1.24
2017-07-01,1.24
2017-08-01,1.23
2017-09-01,1.25
2017-10-01,1.24
2017-11-01,1.26
2017-12-01,1.51
2018-01-01,1.49
2018-02-01,1.49
2018-03-01,1.49
2018-04-01,1.47
2018-05-01,1.5
2018-06-01,1.49
2018-07-01,1.49
2018-08-01,1.5
2018-09-01,1.54
2018-10-01,1.52
2018-11-01,1.51
2018-12-01,1.77
2019-01-01,1.75
2019-02-01,1.76
2019-03-01,1.76
2019-04-01,1.75
2019-05-01,1.75
2019-06-01,1.76
2019-07-01,1.63
2019-08-01,1.51
2019-09-01,1.52
2019-10-01,1.35
2019-11-01,1.28
2019-12-01,1.28
2020-01-01,1.27
2020-02-01,1.24
2020-03-01,0.98
2020-04-01,0.74
2020-05-01,0.7
2020-06-01,0.48
2020-07-01,0.48
2020-08-01,0.5
2020-09-01,0.48
2020-10-01,0.51
2020-11-01,0.49
2020-12-01,0.51
2021-01-01,0.49
2021-02-01,0.49
2021-03-01,0.49
2021-04-01,0.48
2021-05-01,0.48
2021-06-01,0.51
2021-07-01,0.53
2021-08-01,0.56
2021-09-01,0.77
2021-10-01,0.74
2021-11-01,0.796
2021-12-01,1.012
2022-01-01,1.188
2022-02-01,1.219
2022-03-01,1.244
2022-04-01,1.299
2022-05-01,1.505
2022-06-01,1.745
2022-07-01,1.971
2022-08-01,2.263
2022-09-01,2.533
2022-10-01,2.959
2022-11-01,3.096
2022-12-01,3.235
2023-01-01,3.269
2023-02-01,3.425
2023-03-01,3.425
2023-04-01,3.467
2023-05-01,3.57
2023-06-01,3.566
2023-07-01,3.51
2023-08-01,3.538
2023-09-01,3.596
2023-10-01,3.517
2023-11-01,3.572
2023-12-01,3.639
2024-01-01,3.47
2024-02-01,3.582
2024-03-01,3.467
2024-04-01,3.518
2024-05-01,3.53
2024-06-01,3.547
2024-07-01,3.518
2024-08-01,3.531
2024-09-01,3.529
2024-10-01,3.321
2024-11-01,3.245
2024-12-01,3.055
2025-01-01,3.053
2025-02-01,2.965
2025-03-01,2.754
2025-04-01,2.769
2025-05-01,2.738
2025-06-01,2.52
2025-07-01,2.5
2025-08-01,2.506
2025-09-01,2.526
2025-10-01,2.516
2025-11-01,2.512
2025-12-01,2.53
2026-01-01,2.531
2026-02-01,2.541
2026-03-01,2.527
2026-04-01,2.517
2026-05-01,2.537
2026-06-01,2.537
2026-07-01,2.62
2026-08-01,2.809
