date,real_gdp
2000-01-01,243573100.0
2000-04-01,247325900.0
2000-07-01,254117200.0
2000-10-01,253273000.0
2001-01-01,255820800.0
2001-04-01,259678300.0
2001-07-01,262985600.0
2001-10-01,266982900.0
2002-01-01,274419900.0
2002-04-01,279643700.0
2002-07-01,284837500.0
2002-10-01,287527500.0
2003-01-01,285982500.0
2003-04-01,286171600.0
2003-07-01,290747700.0
2003-10-01,298161400.0
2004-01-01,302404300.0
2004-04-01,304926100.0
2004-07-01,305706200.0
2004-10-01,308211900.0
2005-01-01,311097100.0
2005-04-01,316930100.0
2005-07-01,321379300.0
2005-10-01,325066900.0
2006-01-01,330234400.0
2006-04-01,332617800.0
2006-07-01,337830800.0
2006-10-01,340636500.0
2007-01-01,346675000.0
2007-04-01,352543600.0
2007-07-01,356718200.0
2007-10-01,363742300.0
2008-01-01,366484800.0
2008-04-01,367818800.0
2008-07-01,370260100.0
2008-10-01,357768200.0
2009-01-01,358711700.0
2009-04-01,363561000.0
2009-07-01,374652000.0
2009-10-01,377396300.0
2010-01-01,386238500.0
2010-04-01,392479000.0
2010-07-01,396469600.0
2010-10-01,402066000.0
2011-01-01,405904800.0
2011-04-01,407666700.0
2011-07-01,409552300.0
2011-10-01,412298900.0
2012-01-01,416240700.0
2012-04-01,417998000.0
2012-07-01,419861600.0
2012-10-01,422987500.0
2013-01-01,426342400.0
2013-04-01,431160100.0
2013-07-01,435484700.0
2013-10-01,439300300.0
2014-01-01,442669900.0
2014-04-01,446872400.0
2014-07-01,448023500.0
2014-10-01,450409200.0
2015-01-01,454302800.0
2015-04-01,456256600.0
2015-07-01,463025500.0
2015-10-01,466604000.0
2016-01-01,468400300.0
2016-04-01,474271500.0
2016-07-01,476105600.0
2016-10-01,479773700.0
2017-01-01,485209500.0
2017-04-01,488730600.0
2017-07-01,495435100.0
2017-10-01,494356900.0
2018-01-01,501490000.0
2018-04-01,505448900.0
2018-07-01,508214800.0
2018-10-01,510948600.0
2019-01-01,511117500.0
2019-04-01,518034200.0
2019-07-01,519435700.0
2019-10-01,524395000.0
2020-01-01,517226900.0
2020-04-01,503562300.0
2020-07-01,514942200.0
2020-10-01,522735100.0
2021-01-01,531069700.0
2021-04-01,538270800.0
2021-07-01,538184300.0
2021-10-01,547618100.0
2022-01-01,550176900.0
2022-04-01,555670400.0
2022-07-01,557103500.0
2022-10-01,554877300.0
2023-01-01,556108300.0
2023-04-01,559921400.0
2023-07-01,565273300.0
2023-10-01,569404400.0
2024-01-01,575171300.0
2024-04-01,574301700.0
2024-07-01,574618700.0
2024-10-01,575977000.0
2025-01-01,574984300.0
2025-04-01,578719200.0
2025-07-01,586599900.0
2025-10-01,585964000.0
2026-01-01,596692800.0
2026-04-01,600405700.0
